UNITID,Institution Name,City,State,ZIP,County,Latitude,Longitude,Distance from KC (mi),Tier,Tier Label,Sector,Control,Level,Institution Category,Institution Size,Degree-Granting,Locale,HBCU,Status,CBSA,Website,Address
457697,City Vision University,Kansas City,MO,64106-3028,Jackson County,39.101164,-94.569475,0.5,1,Core KC Metro (0-30 mi),"Private not-for-profit, 4-year or above",Private not-for-profit,Four-year or above,"Degree-granting, not primarily baccalaureate or above","Under 1,000",Degree-granting,City: Large,No,Active,28140,https://www.cityvision.edu/,1100 E 11th Street
179812,Kansas City University,Kansas City,MO,64106-1453,Jackson County,39.107553,-94.561374,1.1,1,Core KC Metro (0-30 mi),"Private not-for-profit, 4-year or above",Private not-for-profit,Four-year or above,"Degree-granting, graduate with no undergraduate","1,000 - 4,999",Degree-granting,City: Large,No,Active,28140,https://www.kansascity.edu/,1750 Independence Ave
488174,Ea La Mar's Cosmetology & Barber College,Kansas City,MO,64127-1912,Jackson County,39.094285,-94.551962,1.5,1,Core KC Metro (0-30 mi),"Private for-profit, less-than 2-year",Private for-profit,Less-than-two-year,"Nondegree-granting, sub-baccalaureate","Under 1,000",Nondegree-granting,City: Large,No,Active,28140,https://www.ealamarscollege.com/,1510/1504 Prospect Ave
177995,Metropolitan Community College-Kansas City,Kansas City,MO,64111-2429,Jackson County,39.068668,-94.58966,2.2,1,Core KC Metro (0-30 mi),"Public, 2-year",Public,Two-year,"Degree-granting, associate and certificates","10,000 - 19,999",Degree-granting,City: Large,No,Active,28140,www.mcckc.edu/,3200 Broadway
497912,Concorde Career College-Broadway,Kansas City,MO,64111-2407,Jackson County,39.068021,-94.589739,2.3,1,Core KC Metro (0-30 mi),"Private for-profit, less-than 2-year",Private for-profit,Less-than-two-year,"Nondegree-granting, sub-baccalaureate","Under 1,000",Nondegree-granting,City: Large,No,Active,28140,https://www.concorde.edu/campus/kansas-city-missouri,3239 Broadway
177746,Kansas City Art Institute,Kansas City,MO,64111-1874,Jackson County,39.046353,-94.583594,3.7,1,Core KC Metro (0-30 mi),"Private not-for-profit, 4-year or above",Private not-for-profit,Four-year or above,"Degree-granting, primarily baccalaureate or above","Under 1,000",Degree-granting,City: Large,No,Active,28140,www.kcai.edu/,4415 Warwick Blvd
155007,Donnelly College,Kansas City,KS,66102,Wyandotte County,39.112346,-94.649827,3.9,1,Core KC Metro (0-30 mi),"Private not-for-profit, 4-year or above",Private not-for-profit,Four-year or above,"Degree-granting, not primarily baccalaureate or above","Under 1,000",Degree-granting,City: Midsize,No,Active,28140,www.donnelly.edu/,608 N 18th St
178402,University of Missouri-Kansas City,Kansas City,MO,64110,Jackson County,39.034179,-94.582141,4.5,1,Core KC Metro (0-30 mi),"Public, 4-year or above",Public,Four-year or above,"Degree-granting, primarily baccalaureate or above","10,000 - 19,999",Degree-granting,City: Large,No,Active,28140,https://www.umkc.edu/,5000 Holmes St.
179043,Rockhurst University,Kansas City,MO,64110-2561,Jackson County,39.032318,-94.573003,4.7,1,Core KC Metro (0-30 mi),"Private not-for-profit, 4-year or above",Private not-for-profit,Four-year or above,"Degree-granting, primarily baccalaureate or above","1,000 - 4,999",Degree-granting,City: Large,No,Active,28140,https://www.rockhurst.edu/,1100 Rockhurst Rd
177588,House of Heavilin Beauty College-Kansas City,Kansas City,MO,64110-2826,Jackson County,39.022905,-94.574262,5.3,1,Core KC Metro (0-30 mi),"Private for-profit, less-than 2-year",Private for-profit,Less-than-two-year,"Nondegree-granting, sub-baccalaureate","Under 1,000",Nondegree-granting,City: Large,No,Active,28140,kc-hair.com/,5720 Troost
441496,Aviation Institute of Maintenance-Kansas City,Kansas City,MO,64129,Jackson County,39.049869,-94.498289,5.5,1,Core KC Metro (0-30 mi),"Private for-profit, 2-year",Private for-profit,Two-year,"Nondegree-granting, sub-baccalaureate","Under 1,000",Nondegree-granting,City: Large,No,Active,28140,https://aviationmaintenance.edu/campuses/kansas-city-mo,4100 Raytown Road
178208,Midwestern Baptist Theological Seminary,Kansas City,MO,64118-4697,Clay County,39.185691,-94.573185,5.9,1,Core KC Metro (0-30 mi),"Private not-for-profit, 4-year or above",Private not-for-profit,Four-year or above,"Degree-granting, primarily baccalaureate or above","1,000 - 4,999",Degree-granting,City: Large,No,Active,28140,https://www.mbts.edu/,5001 N. Oak Trafficway
178518,Nazarene Theological Seminary,Kansas City,MO,64131-1246,Jackson County,39.009265,-94.565781,6.3,1,Core KC Metro (0-30 mi),"Private not-for-profit, 4-year or above",Private not-for-profit,Four-year or above,"Degree-granting, graduate with no undergraduate","Under 1,000",Degree-granting,City: Large,No,Active,28140,www.nts.edu/,1700 E Meyer Blvd
178989,Research College of Nursing,Kansas City,MO,64132,Jackson County,39.006611,-94.556762,6.5,1,Core KC Metro (0-30 mi),"Private for-profit, 4-year or above",Private for-profit,Four-year or above,"Degree-granting, primarily baccalaureate or above","Under 1,000",Degree-granting,City: Large,No,Active,28140,researchcollege.edu/,2525 E. Meyer Boulevard
178721,Park University,Parkville,MO,64152-3795,Platte County,39.189256,-94.679041,8.2,1,Core KC Metro (0-30 mi),"Private not-for-profit, 4-year or above",Private not-for-profit,Four-year or above,"Degree-granting, primarily baccalaureate or above","5,000 - 9,999",Degree-granting,Suburb: Large,No,Active,28140,www.park.edu/,8700 NW River Park Dr
177603,Summit Salon Academy Kansas City,Independence,MO,64055,Jackson County,39.079093,-94.426462,8.3,1,Core KC Metro (0-30 mi),"Private for-profit, less-than 2-year",Private for-profit,Less-than-two-year,"Nondegree-granting, sub-baccalaureate","Under 1,000",Nondegree-granting,Suburb: Large,No,Active,28140,www.summitsalonacademykc.com/,815 W 23rd St S
155308,Kansas Christian College,Overland Park,KS,66204-1975,Johnson County,38.994848,-94.666878,8.7,1,Core KC Metro (0-30 mi),"Private not-for-profit, 4-year or above",Private not-for-profit,Four-year or above,"Degree-granting, primarily baccalaureate or above","Under 1,000",Degree-granting,City: Midsize,No,Active,28140,https://www.kansaschristian.edu/,7401 Metcalf
155292,Kansas City Kansas Community College,Kansas City,KS,66112,Wyandotte County,39.121911,-94.748061,9.2,1,Core KC Metro (0-30 mi),"Public, 2-year",Public,Two-year,"Degree-granting, associate and certificates","5,000 - 9,999",Degree-granting,City: Midsize,No,Active,28140,www.kckcc.edu/,7250 State Ave
447999,WellSpring School of Allied Health-Kansas City,Kansas City,MO,64114-3313,Jackson County,38.963226,-94.604997,9.5,1,Core KC Metro (0-30 mi),"Private for-profit, 2-year",Private for-profit,Two-year,"Degree-granting, associate and certificates","Under 1,000",Degree-granting,City: Large,No,Active,28140,www.wellspring.edu/,9140 Ward Pkwy Ste 100
476902,Mitsu Sato Hair Academy,Overland Park,KS,66212-1457,Johnson County,38.964694,-94.670149,10.5,1,Core KC Metro (0-30 mi),"Private for-profit, less-than 2-year",Private for-profit,Less-than-two-year,"Nondegree-granting, sub-baccalaureate","Under 1,000",Nondegree-granting,City: Midsize,No,Active,28140,www.mitsusatohairacademy.com/,9062 Metcalf Avenue
155283,Concorde Career College-Kansas City,Kansas City,MO,64114,Jackson County,38.936103,-94.602584,11.4,1,Core KC Metro (0-30 mi),"Private for-profit, 4-year or above",Private for-profit,Four-year or above,"Degree-granting, not primarily baccalaureate or above","Under 1,000",Degree-granting,City: Large,No,Active,28140,https://www.concorde.edu/campus/kansas-city-missouri,930 Carondelet Drive
476984,Paul Mitchell the School-Overland Park,Overland Park,KS,66212,Johnson County,38.955861,-94.688051,11.5,1,Core KC Metro (0-30 mi),"Private for-profit, less-than 2-year",Private for-profit,Less-than-two-year,"Nondegree-granting, sub-baccalaureate","Under 1,000",Nondegree-granting,City: Midsize,No,Active,28140,paulmitchell.edu/overlandpark,8731 West 95th Street
155636,Ottawa University-Kansas City,Overland Park,KS,66211,Johnson County,38.932055,-94.635461,12.0,1,Core KC Metro (0-30 mi),"Private not-for-profit, 4-year or above",Private not-for-profit,Four-year or above,"Degree-granting, primarily baccalaureate or above","Under 1,000",Degree-granting,City: Midsize,No,Active,28140,www.ottawa.edu/,4370 W. 109th Street Suite 200
454582,Ottawa University-Online,Overland Park,KS,66211,Johnson County,38.932055,-94.635461,12.0,1,Core KC Metro (0-30 mi),"Private not-for-profit, 4-year or above",Private not-for-profit,Four-year or above,"Degree-granting, primarily baccalaureate or above","Under 1,000",Degree-granting,City: Midsize,No,Active,28140,www.ottawa.edu/,"4370 West 109th  Street, Suite 200"
177038,Cleveland University-Kansas City,Overland Park,KS,66210,Johnson County,38.932019,-94.679076,12.8,1,Core KC Metro (0-30 mi),"Private not-for-profit, 4-year or above",Private not-for-profit,Four-year or above,"Degree-granting, primarily baccalaureate or above","Under 1,000",Degree-granting,City: Midsize,No,Active,28140,www.cleveland.edu/,10850 Lowell Avenue
176628,Avila University,Kansas City,MO,64145-1698,Jackson County,38.91339,-94.591758,12.9,1,Core KC Metro (0-30 mi),"Private not-for-profit, 4-year or above",Private not-for-profit,Four-year or above,"Degree-granting, primarily baccalaureate or above","1,000 - 4,999",Degree-granting,City: Large,No,Active,28140,https://www.avila.edu/,11901 Wornall Rd
179955,William Jewell College,Liberty,MO,64068-1896,Clay County,39.247844,-94.413126,13.5,1,Core KC Metro (0-30 mi),"Private not-for-profit, 4-year or above",Private not-for-profit,Four-year or above,"Degree-granting, primarily baccalaureate or above","Under 1,000",Degree-granting,Suburb: Large,No,Active,28140,https://www.jewell.edu/,500 College Hill
155210,Johnson County Community College,Overland Park,KS,66210-1299,Johnson County,38.924125,-94.727798,14.5,1,Core KC Metro (0-30 mi),"Public, 2-year",Public,Two-year,"Degree-granting, associate and certificates","10,000 - 19,999",Degree-granting,City: Midsize,No,Active,28140,www.jccc.edu/,12345 College Blvd
177302,Pinnacle Career Institute,Kansas City,MO,64153-1151,Platte County,39.301096,-94.684653,15.0,1,Core KC Metro (0-30 mi),"Private for-profit, 2-year",Private for-profit,Two-year,"Degree-granting, associate and certificates","Under 1,000",Degree-granting,City: Large,No,Active,28140,pcitraining.edu/,"11500 N.W. Ambassador, Suite 221"
179317,Saint Paul School of Theology,Leawood,KS,66224,Johnson County,38.880458,-94.641277,15.5,1,Core KC Metro (0-30 mi),"Private not-for-profit, 4-year or above",Private not-for-profit,Four-year or above,"Degree-granting, graduate with no undergraduate","Under 1,000",Degree-granting,Suburb: Large,No,Active,28140,https://www.spst.edu/,13720 Roe Avenue
451237,Z Hair Academy,Overland Park,KS,66223,Johnson County,38.867002,-94.666351,16.8,1,Core KC Metro (0-30 mi),"Private for-profit, less-than 2-year",Private for-profit,Less-than-two-year,"Nondegree-granting, sub-baccalaureate","Under 1,000",Nondegree-granting,City: Midsize,No,Active,28140,www.zhairacademy.com/,14471 Metcalf
176716,House of Heavilin Beauty College-Blue Springs,Blue Springs,MO,64014,Jackson County,38.997932,-94.272412,17.9,1,Core KC Metro (0-30 mi),"Private for-profit, less-than 2-year",Private for-profit,Less-than-two-year,"Nondegree-granting, sub-baccalaureate","Under 1,000",Nondegree-granting,Suburb: Large,No,Active,28140,kc-hair.com/,2000 SW State Route 7
176789,Calvary University,Kansas City,MO,64147-1341,Cass County,38.839578,-94.547927,18.0,1,Core KC Metro (0-30 mi),"Private not-for-profit, 4-year or above",Private not-for-profit,Four-year or above,"Degree-granting, primarily baccalaureate or above","Under 1,000",Degree-granting,City: Large,No,Active,28140,www.calvary.edu/,15800 Calvary Road
155520,MidAmerica Nazarene University,Olathe,KS,66062-1899,Johnson County,38.875244,-94.781526,19.0,1,Core KC Metro (0-30 mi),"Private not-for-profit, 4-year or above",Private not-for-profit,Four-year or above,"Degree-granting, primarily baccalaureate or above","1,000 - 4,999",Degree-granting,Suburb: Large,No,Active,28140,https://www.mnu.edu/,2030 E College Way
421771,Academy of Beauty Professionals,Raymore,MO,64083-9195,Cass County,38.812989,-94.467053,20.7,1,Core KC Metro (0-30 mi),"Private for-profit, less-than 2-year",Private for-profit,Less-than-two-year,"Nondegree-granting, sub-baccalaureate","Under 1,000",Nondegree-granting,Suburb: Large,No,Active,28140,https://www.academyofbeautyprofessionals.com/,800 W Foxwood Dr.
155812,University of Saint Mary,Leavenworth,KS,66048-5082,Leavenworth County,39.279396,-94.906743,21.5,1,Core KC Metro (0-30 mi),"Private not-for-profit, 4-year or above",Private not-for-profit,Four-year or above,"Degree-granting, primarily baccalaureate or above","1,000 - 4,999",Degree-granting,Town: Fringe,No,Active,28140,www.stmary.edu/,4100 S 4th St
417682,Cass Career Center,Harrisonville,MO,64701-2024,Cass County,38.660248,-94.333774,33.1,2,KC Fringe (30-60 mi),"Public, less-than 2-year",Public,Less-than-two-year,"Nondegree-granting, sub-baccalaureate","Under 1,000",Nondegree-granting,Town: Distant,No,Active,28140,casscareercenter.com/,1600 E Elm
470047,WellSpring School of Allied Health-Lawrence,Lawrence,KS,66045-3073,Douglas County,38.965848,-95.235123,36.4,2,KC Fringe (30-60 mi),"Private for-profit, 2-year",Private for-profit,Two-year,"Degree-granting, associate and certificates","Under 1,000",Degree-granting,City: Small,No,Active,29940,www.wellspring.edu/,947 New Hampshire
155140,Haskell Indian Nations University,Lawrence,KS,66046-4800,Douglas County,38.938834,-95.232879,36.8,2,KC Fringe (30-60 mi),"Public, 4-year or above",Public,Four-year or above,"Degree-granting, not primarily baccalaureate or above","Under 1,000",Degree-granting,City: Small,No,Active,29940,www.haskell.edu/,155 Indian Ave
155317,University of Kansas,Lawrence,KS,66045,Douglas County,38.958549,-95.247567,37.2,2,KC Fringe (30-60 mi),"Public, 4-year or above",Public,Four-year or above,"Degree-granting, primarily baccalaureate or above","20,000 and above",Degree-granting,City: Small,No,Active,29940,https://ku.edu/,"Strong Hall, 1450 Jayhawk Blvd, Room 230"
177931,Lex La-Ray Technical Center,Lexington,MO,64067-1525,Lafayette County,39.173683,-93.865563,38.6,2,KC Fringe (30-60 mi),"Public, less-than 2-year",Public,Less-than-two-year,"Nondegree-granting, sub-baccalaureate","Under 1,000",Nondegree-granting,Rural: Distant,No,Active,28140,www.lexlaray.com/,2323 High School Dr
154688,Baker University,Baldwin City,KS,66006-0065,Douglas County,38.778712,-95.187346,39.5,2,KC Fringe (30-60 mi),"Private not-for-profit, 4-year or above",Private not-for-profit,Four-year or above,"Degree-granting, primarily baccalaureate or above","1,000 - 4,999",Degree-granting,Rural: Distant,No,Active,29940,https://www.bakeru.edu/,615 Dearborn Street
154712,Benedictine College,Atchison,KS,66002-1499,Atchison County,39.573079,-95.113858,43.5,2,KC Fringe (30-60 mi),"Private not-for-profit, 4-year or above",Private not-for-profit,Four-year or above,"Degree-granting, primarily baccalaureate or above","1,000 - 4,999",Degree-granting,Town: Distant,No,Active,11860,www.benedictine.edu/,1020 N 2nd St
178387,Missouri Western State University,Saint Joseph,MO,64507,Buchanan County,39.7575,-94.785643,46.8,2,KC Fringe (30-60 mi),"Public, 4-year or above",Public,Four-year or above,"Degree-granting, primarily baccalaureate or above","1,000 - 4,999",Degree-granting,City: Small,No,Active,41140,https://www.missouriwestern.edu/,4525 Downs Dr
155627,Ottawa University-Ottawa,Ottawa,KS,66067-3399,Franklin County,38.603173,-95.264187,50.4,2,KC Fringe (30-60 mi),"Private not-for-profit, 4-year or above",Private not-for-profit,Four-year or above,"Degree-granting, primarily baccalaureate or above","Under 1,000",Degree-granting,Town: Distant,No,Active,36840,www.ottawa.edu/,1001 South Cedar
176965,University of Central Missouri,Warrensburg,MO,64093,Johnson County,38.759111,-93.737428,51.0,2,KC Fringe (30-60 mi),"Public, 4-year or above",Public,Four-year or above,"Degree-granting, primarily baccalaureate or above","10,000 - 19,999",Degree-granting,Town: Distant,No,Active,47660,https://www.ucmo.edu/,108 W South Street
417655,Warrensburg Area Career Center,Warrensburg,MO,64093,Johnson County,38.761649,-93.70714,52.3,2,KC Fringe (30-60 mi),"Public, less-than 2-year",Public,Less-than-two-year,"Nondegree-granting, sub-baccalaureate","Under 1,000",Nondegree-granting,Town: Distant,No,Active,47660,https://wacc.warrensburgr6.org/,205 S. Ridgeview Dr
493831,Midwest Barber College,Topeka,KS,66611-2358,Shawnee County,39.000284,-95.689254,60.0,2,KC Fringe (30-60 mi),"Private for-profit, less-than 2-year",Private for-profit,Less-than-two-year,"Nondegree-granting, sub-baccalaureate","Under 1,000",Nondegree-granting,City: Midsize,No,Merged,45820,www.midwestbarbercollege.com/,901 SW. 37th Street
156082,Washburn University,Topeka,KS,66621,Shawnee County,39.033778,-95.702222,60.5,3,Regional (60-100 mi),"Public, 4-year or above",Public,Four-year or above,"Degree-granting, primarily baccalaureate or above","5,000 - 9,999",Degree-granting,City: Midsize,No,Active,45820,www.washburn.edu/,1700 SW College Avenue
480657,Rasmussen University-Kansas,Topeka,KS,66609,Shawnee County,38.998726,-95.704151,60.8,3,Regional (60-100 mi),"Private for-profit, 4-year or above",Private for-profit,Four-year or above,"Degree-granting, not primarily baccalaureate or above","Under 1,000",Degree-granting,City: Midsize,No,Active,45820,https://rasmussen.edu/,3722 SW Burlingame Road
155423,Washburn Institute of Technology,Topeka,KS,66604,Shawnee County,39.04497,-95.751158,63.0,3,Regional (60-100 mi),"Public, less-than 2-year",Public,Less-than-two-year,"Nondegree-granting, sub-baccalaureate","1,000 - 4,999",Nondegree-granting,City: Midsize,No,Active,45820,www.washburntech.edu/,5724 SW Huntoon
155186,Highland Community College,Highland,KS,66035-4165,Doniphan County,39.859987,-95.271539,64.2,3,Regional (60-100 mi),"Public, 2-year",Public,Two-year,"Degree-granting, associate and certificates","1,000 - 4,999",Degree-granting,Rural: Distant,No,Active,41140,www.highlandcc.edu/,606 W Main
260336,Clinton Technical School,Clinton,MO,64735,Henry County,38.363669,-93.768459,67.0,3,Regional (60-100 mi),"Public, less-than 2-year",Public,Less-than-two-year,Not reported,Not reported,Nondegree-granting,Town: Remote,No,Active,-2,clintoncardinals.org/,602 S. Fifth St.
176983,Grand River Technical School,Chillicothe,MO,64601,Livingston County,39.798864,-93.559669,72.7,3,Regional (60-100 mi),"Public, less-than 2-year",Public,Less-than-two-year,"Nondegree-granting, sub-baccalaureate","Under 1,000",Nondegree-granting,Town: Remote,No,Active,-2,www.grts.org/,1200 Fair St
417646,Saline County Career Center,Marshall,MO,65340-1698,Saline County,39.094261,-93.213659,73.2,3,Regional (60-100 mi),"Public, less-than 2-year",Public,Less-than-two-year,"Nondegree-granting, sub-baccalaureate","Under 1,000",Nondegree-granting,Town: Remote,No,Active,32180,https://www.marshallschools.com/o/career-center,"SCCC Adult Education Center, 2285 S Hwy 65"
178369,Missouri Valley College,Marshall,MO,65340,Saline County,39.108522,-93.190654,74.4,3,Regional (60-100 mi),"Private not-for-profit, 4-year or above",Private not-for-profit,Four-year or above,"Degree-granting, primarily baccalaureate or above","1,000 - 4,999",Degree-granting,Town: Remote,No,Active,32180,https://www.moval.edu/,500 E College St
179539,State Fair Community College,Sedalia,MO,65301-2199,Pettis County,38.696423,-93.268028,75.8,3,Regional (60-100 mi),"Public, 2-year",Public,Two-year,"Degree-granting, associate and certificates","1,000 - 4,999",Degree-granting,Town: Remote,No,Active,42740,https://www.sfccmo.edu/,3201 W 16th Street
480879,Academy of Salon Professionals,Sedalia,MO,65301,Pettis County,38.690729,-93.251559,76.8,3,Regional (60-100 mi),"Private for-profit, less-than 2-year",Private for-profit,Less-than-two-year,"Nondegree-granting, sub-baccalaureate","Under 1,000",Nondegree-granting,Town: Remote,No,Active,42740,academyofsalonprofessionals.com/,2414 S. Limit Ave
177083,Conception Seminary College,Conception,MO,64433-0502,Nodaway County,40.24044,-94.682831,79.0,3,Regional (60-100 mi),"Private not-for-profit, 4-year or above",Private not-for-profit,Four-year or above,"Degree-granting, primarily baccalaureate or above","Under 1,000",Degree-granting,Rural: Remote,No,Active,32340,www.conception.edu/,37174 State Hwy V V
179715,North Central Missouri College,Trenton,MO,64683,Grundy County,40.078096,-93.617353,84.8,3,Regional (60-100 mi),"Public, 2-year",Public,Two-year,"Degree-granting, associate and certificates","1,000 - 4,999",Degree-granting,Town: Remote,No,Active,-2,www.ncmissouri.edu/,1301 Main St
177117,Cottey College,Nevada,MO,64772,Vernon County,37.836127,-94.371311,88.0,3,Regional (60-100 mi),"Private not-for-profit, 4-year or above",Private not-for-profit,Four-year or above,"Degree-granting, primarily baccalaureate or above","Under 1,000",Degree-granting,Town: Remote,No,Active,-2,https://www.cottey.edu/,1000 W Austin
178624,Northwest Missouri State University,Maryville,MO,64468-6001,Nodaway County,40.351692,-94.883339,88.0,3,Regional (60-100 mi),"Public, 4-year or above",Public,Four-year or above,"Degree-granting, primarily baccalaureate or above","5,000 - 9,999",Degree-granting,Town: Remote,No,Active,32340,https://www.nwmissouri.edu/,800 University Drive
155098,Fort Scott Community College,Fort Scott,KS,66701,Bourbon County,37.816206,-94.715334,89.0,3,Regional (60-100 mi),"Public, 2-year",Public,Two-year,"Degree-granting, associate and certificates","1,000 - 4,999",Degree-granting,Town: Remote,No,Active,-2,www.fortscott.edu/,2108 S Horton
154642,Allen County Community College,Iola,KS,66749,Allen County,37.938038,-95.396377,91.6,3,Regional (60-100 mi),"Public, 2-year",Public,Two-year,"Degree-granting, associate and certificates","1,000 - 4,999",Degree-granting,Town: Remote,No,Active,-2,https://www.allencc.edu/,1801 N Cottonwood
155025,Emporia State University,Emporia,KS,66801-5415,Lyon County,38.414784,-96.179021,98.4,3,Regional (60-100 mi),"Public, 4-year or above",Public,Four-year or above,"Degree-granting, primarily baccalaureate or above","1,000 - 4,999",Degree-granting,Town: Remote,No,Active,21380,www.emporia.edu/,1 Kellogg Circle
155052,Flint Hills Technical College,Emporia,KS,66801-5957,Lyon County,38.41888,-96.224141,100.4,4,Statewide Reach (100-150 mi),"Public, 2-year",Public,Two-year,"Degree-granting, associate and certificates","1,000 - 4,999",Degree-granting,Town: Remote,No,Active,21380,www.fhtc.edu/,3301 W 18th St
176947,Central Methodist University-College of Liberal Arts and Sciences,Fayette,MO,65248-1198,Howard County,39.150497,-92.685253,101.5,4,Statewide Reach (100-150 mi),"Private not-for-profit, 4-year or above",Private not-for-profit,Four-year or above,"Degree-granting, primarily baccalaureate or above","1,000 - 4,999",Degree-granting,Rural: Distant,No,Active,17860,www.centralmethodist.edu/,411 Central Methodist Square
445267,Central Methodist University-College of Graduate and Extended Studies,Fayette,MO,65248-1198,Howard County,39.150497,-92.685253,101.5,4,Statewide Reach (100-150 mi),"Private not-for-profit, 4-year or above",Private not-for-profit,Four-year or above,"Degree-granting, primarily baccalaureate or above","1,000 - 4,999",Degree-granting,Rural: Distant,No,Active,17860,www.centralmethodist.edu/,411 Central Methodist Square
155496,Manhattan Christian College,Manhattan,KS,66502-4801,Riley County,39.184806,-96.579383,107.4,4,Statewide Reach (100-150 mi),"Private not-for-profit, 4-year or above",Private not-for-profit,Four-year or above,"Degree-granting, primarily baccalaureate or above","Under 1,000",Degree-granting,City: Small,No,Active,31740,www.mccks.edu/,1415 Anderson Ave
155399,Kansas State University,Manhattan,KS,66506,Riley County,39.188648,-96.581077,107.5,4,Statewide Reach (100-150 mi),"Public, 4-year or above",Public,Four-year or above,"Degree-granting, primarily baccalaureate or above","20,000 and above",Degree-granting,City: Small,No,Active,31740,www.k-state.edu/,"919 Mid-Campus Drive, Anderson Hall"
478953,Bellus Academy,Manhattan,KS,66502-2838,Riley County,39.191749,-96.60827,108.9,4,Statewide Reach (100-150 mi),"Private for-profit, less-than 2-year",Private for-profit,Less-than-two-year,"Nondegree-granting, sub-baccalaureate","Under 1,000",Nondegree-granting,City: Small,No,Active,31740,https://bellusacademy.edu/,1130 Westloop Place
155487,Manhattan Area Technical College,Manhattan,KS,66503-2499,Riley County,39.197774,-96.615672,109.4,4,Statewide Reach (100-150 mi),"Public, 2-year",Public,Two-year,"Degree-granting, associate and certificates","Under 1,000",Degree-granting,City: Small,No,Active,31740,https://manhattantech.edu/,3136 Dickens Ave
155566,Neosho County Community College,Chanute,KS,66720,Neosho County,37.670672,-95.464976,109.8,4,Statewide Reach (100-150 mi),"Public, 2-year",Public,Two-year,"Degree-granting, associate and certificates","1,000 - 4,999",Degree-granting,Town: Remote,No,Active,-2,www.neosho.edu/,800 W 14th St
178448,Moberly Area Community College,Moberly,MO,65270-1304,Randolph County,39.418607,-92.455064,115.7,4,Statewide Reach (100-150 mi),"Public, 2-year",Public,Two-year,"Degree-granting, associate and certificates","5,000 - 9,999",Degree-granting,Town: Distant,No,Active,33620,www.macc.edu/,101 College Ave
176910,Central Christian College of the Bible,Moberly,MO,65270-1997,Randolph County,39.395963,-92.427259,116.9,4,Statewide Reach (100-150 mi),"Private not-for-profit, 4-year or above",Private not-for-profit,Four-year or above,"Degree-granting, primarily baccalaureate or above","Under 1,000",Degree-granting,Town: Distant,No,Active,33620,https://www.cccb.edu/,911 E Urbandale Dr
155681,Pittsburg State University,Pittsburg,KS,66762,Crawford County,37.392071,-94.702473,118.2,4,Statewide Reach (100-150 mi),"Public, 4-year or above",Public,Four-year or above,"Degree-granting, primarily baccalaureate or above","5,000 - 9,999",Degree-granting,Town: Distant,No,Active,38260,https://www.pittstate.edu/,1701 S Broadway
177685,Paul Mitchell the School-Missouri Columbia,Columbia,MO,65203,Boone County,38.967204,-92.375761,118.6,4,Statewide Reach (100-150 mi),"Private for-profit, less-than 2-year",Private for-profit,Less-than-two-year,"Nondegree-granting, sub-baccalaureate","Under 1,000",Nondegree-granting,City: Midsize,No,Active,17860,missouricolumbia.paulmitchell.edu/,1101 Hutchens Drive
490203,Bolivar Technical College,Bolivar,MO,65613-8095,Polk County,37.623766,-93.421572,119.7,4,Statewide Reach (100-150 mi),"Private not-for-profit, 4-year or above",Private not-for-profit,Four-year or above,"Degree-granting, not primarily baccalaureate or above","Under 1,000",Degree-granting,Town: Distant,No,Active,44180,www.bolivarcollege.edu/,1135 North Oakland Avenue
178396,University of Missouri-Columbia,Columbia,MO,65211,Boone County,38.94531,-92.328843,121.2,4,Statewide Reach (100-150 mi),"Public, 4-year or above",Public,Four-year or above,"Degree-granting, primarily baccalaureate or above","20,000 and above",Degree-granting,City: Midsize,No,Active,17860,https://missouri.edu/,105 Jesse Hall
178439,University of Missouri-System Office,Columbia,MO,65211,Boone County,38.94531,-92.328843,121.2,4,Statewide Reach (100-150 mi),Administrative Unit,Public,Four-year or above,Not applicable,Not applicable,Degree-granting,City: Midsize,No,Active,17860,https://www.umsystem.edu/,105 Jesse Hall
177065,Columbia College,Columbia,MO,65216,Boone County,38.957388,-92.326354,121.3,4,Statewide Reach (100-150 mi),"Private not-for-profit, 4-year or above",Private not-for-profit,Four-year or above,"Degree-granting, primarily baccalaureate or above","5,000 - 9,999",Degree-granting,City: Midsize,No,Active,17860,https://www.ccis.edu/,1001 Rogers Street
179326,Southwest Baptist University,Bolivar,MO,65613-2596,Polk County,37.602425,-93.407056,121.4,4,Statewide Reach (100-150 mi),"Private not-for-profit, 4-year or above",Private not-for-profit,Four-year or above,"Degree-granting, primarily baccalaureate or above","1,000 - 4,999",Degree-granting,Town: Distant,No,Active,44180,www.sbuniv.edu/,1600 University Ave
179548,Stephens College,Columbia,MO,65215,Boone County,38.95204,-92.319204,121.7,4,Statewide Reach (100-150 mi),"Private not-for-profit, 4-year or above",Private not-for-profit,Four-year or above,"Degree-granting, primarily baccalaureate or above","Under 1,000",Degree-granting,City: Midsize,No,Active,17860,https://www.stephens.edu/,1200 E Broadway
155450,Labette Community College,Parsons,KS,67357-4201,Labette County,37.339062,-95.255368,127.1,4,Statewide Reach (100-150 mi),"Public, 2-year",Public,Two-year,"Degree-granting, associate and certificates","1,000 - 4,999",Degree-granting,Town: Remote,No,Active,-2,www.labette.edu/,200 South 14th Street
177834,A T Still University of Health Sciences,Kirksville,MO,63501,Adair County,40.193648,-92.589183,130.1,4,Statewide Reach (100-150 mi),"Private not-for-profit, 4-year or above",Private not-for-profit,Four-year or above,"Degree-granting, graduate with no undergraduate","1,000 - 4,999",Degree-granting,Town: Remote,No,Active,28860,www.atsu.edu/,800 W Jefferson
178615,Truman State University,Kirksville,MO,63501-4221,Adair County,40.188267,-92.581658,130.2,4,Statewide Reach (100-150 mi),"Public, 4-year or above",Public,Four-year or above,"Degree-granting, primarily baccalaureate or above","1,000 - 4,999",Degree-granting,Town: Remote,No,Active,28860,https://www.truman.edu/,100 E Normal Avenue
417628,Kirksville Area Technical Center,Kirksville,MO,63501,Adair County,40.18649,-92.565103,130.8,4,Statewide Reach (100-150 mi),"Public, less-than 2-year",Public,Less-than-two-year,"Nondegree-granting, sub-baccalaureate","Under 1,000",Nondegree-granting,Town: Remote,No,Active,28860,https://www.kirksville.k12.mo.us/o/katc,1103 S Cottage Grove
178077,Missouri College of Cosmetology and Esthetics,Jefferson City,MO,65109,Cole County,38.571057,-92.198801,133.2,4,Statewide Reach (100-150 mi),"Private for-profit, less-than 2-year",Private for-profit,Less-than-two-year,"Nondegree-granting, sub-baccalaureate","Under 1,000",Nondegree-granting,City: Small,No,Active,27620,merrelluniversity.edu/,1753 Woodclift Dr.
481049,Carthage R9 School District-Carthage Technical Center,Carthage,MO,64836-1332,Jasper County,37.173927,-94.30087,133.9,4,Statewide Reach (100-150 mi),"Public, less-than 2-year",Public,Less-than-two-year,"Nondegree-granting, sub-baccalaureate","Under 1,000",Nondegree-granting,Town: Fringe,No,Active,27900,ctc.carthagetigers.org/,609 S River Street
177940,Lincoln University,Jefferson City,MO,65101,Cole County,38.564431,-92.166724,135.0,4,Statewide Reach (100-150 mi),"Public, 4-year or above",Public,Four-year or above,"Degree-granting, primarily baccalaureate or above","1,000 - 4,999",Degree-granting,City: Small,Yes,Active,27620,https://www.lincolnu.edu/,820 Chestnut Street
481517,SPBK Enterprises Inc,Webb City,MO,64870-2502,Jasper County,37.140007,-94.473433,135.5,4,Statewide Reach (100-150 mi),"Private for-profit, less-than 2-year",Private for-profit,Less-than-two-year,"Nondegree-granting, sub-baccalaureate","Under 1,000",Nondegree-granting,Suburb: Small,No,Active,27900,www.citypointebeauty.com/,501 South Madison Street
178679,Ozark Christian College,Joplin,MO,64801,Jasper County,37.103172,-94.510622,138.0,4,Statewide Reach (100-150 mi),"Private not-for-profit, 4-year or above",Private not-for-profit,Four-year or above,"Degree-granting, primarily baccalaureate or above","Under 1,000",Degree-granting,City: Small,No,Active,27900,www.occ.edu/,1111 N Main St
178341,Missouri Southern State University,Joplin,MO,64801-1595,Jasper County,37.095155,-94.461689,138.7,4,Statewide Reach (100-150 mi),"Public, 4-year or above",Public,Four-year or above,"Degree-granting, primarily baccalaureate or above","1,000 - 4,999",Degree-granting,City: Small,No,Active,27900,www.mssu.edu/,3950 E. Newman Road
419280,New Dimensions School of Hair Design,Joplin,MO,64801-5017,Jasper County,37.085286,-94.509389,139.2,4,Statewide Reach (100-150 mi),"Private for-profit, less-than 2-year",Private for-profit,Less-than-two-year,"Nondegree-granting, sub-baccalaureate","Under 1,000",Nondegree-granting,City: Small,No,Active,27900,newdimensionsschoolofhairdesign.com/,621 Kentucky Ave.
409120,Franklin Technology Center Adult Education,Joplin,MO,64801,Jasper County,37.082409,-94.516401,139.4,4,Statewide Reach (100-150 mi),"Public, less-than 2-year",Public,Less-than-two-year,"Nondegree-granting, sub-baccalaureate","Under 1,000",Nondegree-granting,City: Small,No,Active,27900,www.franklintechnologycenter.com/,810 S. Wall Avenue
179946,Westminster College,Fulton,MO,65251-1299,Callaway County,38.849354,-91.955273,142.0,4,Statewide Reach (100-150 mi),"Private not-for-profit, 4-year or above",Private not-for-profit,Four-year or above,"Degree-granting, primarily baccalaureate or above","Under 1,000",Degree-granting,Town: Distant,No,Active,27620,https://www.wcmo.edu/,501 Westminster Ave
179964,William Woods University,Fulton,MO,65251-2388,Callaway County,38.860287,-91.950416,142.1,4,Statewide Reach (100-150 mi),"Private not-for-profit, 4-year or above",Private not-for-profit,Four-year or above,"Degree-granting, primarily baccalaureate or above","1,000 - 4,999",Degree-granting,Town: Distant,No,Active,27620,https://www.williamwoods.edu/,One University Avenue
155201,Independence Community College,Independence,KS,67301-0708,Montgomery County,37.195614,-95.720518,145.5,4,Statewide Reach (100-150 mi),"Public, 2-year",Public,Two-year,"Degree-granting, associate and certificates","Under 1,000",Degree-granting,Rural: Fringe,No,Active,-2,www.indycc.edu/,1057 West College Avenue
176664,Mission University,Springfield,MO,65803-3498,Greene County,37.239696,-93.284286,146.5,4,Statewide Reach (100-150 mi),"Private not-for-profit, 4-year or above",Private not-for-profit,Four-year or above,"Degree-granting, primarily baccalaureate or above","Under 1,000",Degree-granting,City: Midsize,No,Active,44180,www.mission.edu/,628 E Kearney
176770,Cox College,Springfield,MO,65802-1917,Greene County,37.225116,-93.290233,147.2,4,Statewide Reach (100-150 mi),"Private not-for-profit, 4-year or above",Private not-for-profit,Four-year or above,"Degree-granting, primarily baccalaureate or above","Under 1,000",Degree-granting,City: Midsize,No,Active,44180,https://coxcollege.edu/,1423 N Jefferson
177214,Drury University,Springfield,MO,65802-3791,Greene County,37.219681,-93.286192,147.7,4,Statewide Reach (100-150 mi),"Private not-for-profit, 4-year or above",Private not-for-profit,Four-year or above,"Degree-granting, primarily baccalaureate or above","1,000 - 4,999",Degree-granting,City: Midsize,No,Active,44180,www.drury.edu/,900 N. Benton Ave
492801,Drury University-College of Continuing Professional Studies,Springfield,MO,65802,Greene County,37.219681,-93.286192,147.7,4,Statewide Reach (100-150 mi),"Private not-for-profit, 4-year or above",Private not-for-profit,Four-year or above,"Degree-granting, not primarily baccalaureate or above","Under 1,000",Degree-granting,City: Midsize,No,Active,44180,www.drury.edu/go/,900 North Benton Avenue
177472,Ozarks Technical Community College,Springfield,MO,65802,Greene County,37.216479,-93.279985,148.0,4,Statewide Reach (100-150 mi),"Public, 4-year or above",Public,Four-year or above,"Degree-granting, not primarily baccalaureate or above","10,000 - 19,999",Degree-granting,City: Midsize,No,Active,44180,www.otc.edu/,1001 E. Chestnut Expressway
177339,Evangel University,Springfield,MO,65802-2125,Greene County,37.220956,-93.262614,148.2,4,Statewide Reach (100-150 mi),"Private not-for-profit, 4-year or above",Private not-for-profit,Four-year or above,"Degree-granting, primarily baccalaureate or above","1,000 - 4,999",Degree-granting,City: Midsize,No,Active,44180,www.evangel.edu/,1111 N Glenstone
497824,Evangel University-College of Online Learning,Springfield,MO,65802-2125,Greene County,37.220956,-93.262614,148.2,4,Statewide Reach (100-150 mi),"Private not-for-profit, 4-year or above",Private not-for-profit,Four-year or above,"Degree-granting, primarily baccalaureate or above","Under 1,000",Degree-granting,City: Midsize,No,Active,44180,https://www.evangel.edu/,1111 North Glenstone Avenue
179566,Missouri State University-Springfield,Springfield,MO,65897,Greene County,37.199258,-93.281281,149.0,4,Statewide Reach (100-150 mi),"Public, 4-year or above",Public,Four-year or above,"Degree-granting, primarily baccalaureate or above","20,000 and above",Degree-granting,City: Midsize,No,Active,44180,www.missouristate.edu/,901 S National Avenue
155973,Tabor College,Hillsboro,KS,67063-1799,Marion County,38.34858,-97.199773,150.5,5,Outer MO+KS (150+ mi),"Private not-for-profit, 4-year or above",Private not-for-profit,Four-year or above,"Degree-granting, primarily baccalaureate or above","Under 1,000",Degree-granting,Rural: Remote,No,Active,-2,tabor.edu/,400 S Jefferson
455080,Paul Mitchell the School-Springfield,Springfield,MO,65807,Greene County,37.159135,-93.31815,150.6,5,Outer MO+KS (150+ mi),"Private for-profit, less-than 2-year",Private for-profit,Less-than-two-year,"Nondegree-granting, sub-baccalaureate","Under 1,000",Nondegree-granting,City: Midsize,No,Active,44180,paulmitchell.edu/springfield,3017 S Kansas Expy
493451,WellSpring School of Allied Health-Springfield,Springfield,MO,65807,Greene County,37.158926,-93.317069,150.6,5,Outer MO+KS (150+ mi),"Private for-profit, 2-year",Private for-profit,Two-year,"Degree-granting, associate and certificates","Under 1,000",Degree-granting,City: Midsize,No,Active,44180,www.wellspring.edu/,3033 S Kansas Expressway
451334,Academy of Hair Design-Springfield,Springfield,MO,65804,Greene County,37.180584,-93.261354,150.7,5,Outer MO+KS (150+ mi),"Private for-profit, less-than 2-year",Private for-profit,Less-than-two-year,"Nondegree-granting, sub-baccalaureate","Under 1,000",Nondegree-granting,City: Midsize,No,Active,44180,aohd.edu/,1834 S Glenstone
482097,Midwest Technical Institute-Missouri,Springfield,MO,65804-4414,Greene County,37.147663,-93.256356,152.8,5,Outer MO+KS (150+ mi),"Private for-profit, less-than 2-year",Private for-profit,Less-than-two-year,"Nondegree-granting, sub-baccalaureate","Under 1,000",Nondegree-granting,City: Midsize,No,Active,44180,www.midwesttech.edu/,3600 South Glenstone Outer Road
154800,Butler Community College,El Dorado,KS,67042-3280,Butler County,37.806699,-96.882987,153.4,5,Outer MO+KS (150+ mi),"Public, 2-year",Public,Two-year,"Degree-granting, associate and certificates","5,000 - 9,999",Degree-granting,Town: Distant,No,Active,48620,www.butlercc.edu/,901 S Haverhill Rd
154925,Coffeyville Community College,Coffeyville,KS,67337,Montgomery County,37.033814,-95.621374,153.6,5,Outer MO+KS (150+ mi),"Public, 2-year",Public,Two-year,"Degree-granting, associate and certificates","1,000 - 4,999",Degree-granting,Town: Remote,No,Active,-2,www.coffeyville.edu/,400 W 11th St
369516,Bryan University,Springfield,MO,65804,Greene County,37.135397,-93.248107,153.8,5,Outer MO+KS (150+ mi),"Private for-profit, 4-year or above",Private for-profit,Four-year or above,"Degree-granting, not primarily baccalaureate or above","Under 1,000",Degree-granting,City: Midsize,No,Active,44180,www.bryanu.edu/,4255 S Nature Center Way
178527,Neosho Beauty College,Neosho,MO,64850-1525,Newton County,36.870562,-94.368636,154.5,5,Outer MO+KS (150+ mi),"Private for-profit, less-than 2-year",Private for-profit,Less-than-two-year,"Nondegree-granting, sub-baccalaureate","Under 1,000",Nondegree-granting,Town: Distant,No,Active,27900,neoshobeautycollege.com/,116 N Wood St
177977,State Technical College of Missouri,Linn,MO,65051-9607,Osage County,38.467699,-91.814259,155.2,5,Outer MO+KS (150+ mi),"Public, 2-year",Public,Two-year,"Degree-granting, associate and certificates","1,000 - 4,999",Degree-granting,Rural: Distant,No,Active,27620,https://www.statetechmo.edu/,One Technology Drive
365505,Waynesville Career Center,Waynesville,MO,65583,Pulaski County,37.811315,-92.21393,155.9,5,Outer MO+KS (150+ mi),"Public, less-than 2-year",Public,Less-than-two-year,"Nondegree-granting, sub-baccalaureate","Under 1,000",Nondegree-granting,Town: Remote,No,Active,22780,www.waynesville.k12.mo.us/o/wcc,400 G. W. Lane
477233,Evangel University-James River Assembly of God Church,Ozark,MO,65721-6694,Christian County,37.075963,-93.227055,158.0,5,Outer MO+KS (150+ mi),"Private not-for-profit, 2-year",Private not-for-profit,Two-year,"Degree-granting, associate and certificates","Under 1,000",Degree-granting,Suburb: Large,No,Active,44180,https://www.evangel.edu/,6100 North 19th Street
177135,Crowder College,Neosho,MO,64850,Newton County,36.814906,-94.368315,158.3,5,Outer MO+KS (150+ mi),"Public, 2-year",Public,Two-year,"Degree-granting, associate and certificates","1,000 - 4,999",Degree-granting,Town: Distant,No,Active,27900,www.crowder.edu/,601 Laclede Ave
417725,Central College of Cosmetology,Saint Robert,MO,65584,Pulaski County,37.806945,-92.142861,159.2,5,Outer MO+KS (150+ mi),"Private for-profit, less-than 2-year",Private for-profit,Less-than-two-year,"Nondegree-granting, sub-baccalaureate","Under 1,000",Nondegree-granting,Town: Remote,No,Active,22780,centralandsalemcolleges.com/,"690 Missouri Avenue ,  Suite #3"
478917,Hays Academy of Hair Design,Salina,KS,67401-0000,Saline County,38.8398,-97.607551,163.7,5,Outer MO+KS (150+ mi),"Private for-profit, less-than 2-year",Private for-profit,Less-than-two-year,"Nondegree-granting, sub-baccalaureate","Under 1,000",Nondegree-granting,Town: Remote,No,Active,41460,haysacademy.com/,115 South 5th Street
155414,Kansas Wesleyan University,Salina,KS,67401-6146,Saline County,38.813795,-97.607973,164.0,5,Outer MO+KS (150+ mi),"Private not-for-profit, 4-year or above",Private not-for-profit,Four-year or above,"Degree-granting, primarily baccalaureate or above","1,000 - 4,999",Degree-granting,Town: Remote,No,Active,41460,www.kwu.edu/,100 E. Claflin Ave.
154749,Bethel College-North Newton,North Newton,KS,67117-1716,Harvey County,38.075169,-97.343256,165.2,5,Outer MO+KS (150+ mi),"Private not-for-profit, 4-year or above",Private not-for-profit,Four-year or above,"Degree-granting, primarily baccalaureate or above","Under 1,000",Degree-granting,Town: Distant,No,Active,48620,www.bethelks.edu/,300 E 27th St
155830,Salina Area Technical College,Salina,KS,67401,Saline County,38.793582,-97.636892,165.7,5,Outer MO+KS (150+ mi),"Public, 2-year",Public,Two-year,"Degree-granting, associate and certificates","1,000 - 4,999",Degree-granting,Town: Remote,No,Active,41460,www.salinatech.edu/,2562 Centennial Road
154907,Cloud County Community College,Concordia,KS,66901-3108,Cloud County,39.554199,-97.664147,167.9,5,Outer MO+KS (150+ mi),"Public, 2-year",Public,Two-year,"Degree-granting, associate and certificates","1,000 - 4,999",Degree-granting,Rural: Fringe,No,Active,-2,https://www.cloud.edu/,2221 Campus Dr
155177,Hesston College,Hesston,KS,67062-2093,Harvey County,38.134558,-97.433883,167.9,5,Outer MO+KS (150+ mi),"Private not-for-profit, 4-year or above",Private not-for-profit,Four-year or above,"Degree-granting, not primarily baccalaureate or above","Under 1,000",Degree-granting,Rural: Distant,No,Active,48620,www.hesston.edu/,301 South Main
498766,Sami Halaseh Institute,Andover,KS,67002-8746,Butler County,37.704457,-97.133845,168.6,5,Outer MO+KS (150+ mi),"Private for-profit, less-than 2-year",Private for-profit,Less-than-two-year,"Nondegree-granting, sub-baccalaureate","Under 1,000",Nondegree-granting,Suburb: Large,No,Active,48620,https://www.samihalasehinstitute.com/,"1034 N Andover Rd, Suite A"
498845,Heartland Welding Academy,Andover,KS,67002-9778,Butler County,37.697688,-97.134406,168.9,5,Outer MO+KS (150+ mi),"Private for-profit, less-than 2-year",Private for-profit,Less-than-two-year,"Nondegree-granting, sub-baccalaureate","Under 1,000",Nondegree-granting,Suburb: Large,No,Active,48620,https://www.heartlandweldingacademy.com/,656 North Andover Road
154721,Bethany College,Lindsborg,KS,67456-1897,McPherson County,38.580598,-97.67367,170.4,5,Outer MO+KS (150+ mi),"Private not-for-profit, 4-year or above",Private not-for-profit,Four-year or above,"Degree-granting, primarily baccalaureate or above","Under 1,000",Degree-granting,Rural: Remote,No,Active,32700,https://www.bethanylb.edu/,335 E Swensson St
156107,Wichita State University-Campus of Applied Sciences and Technology,Wichita,KS,67226,Sedgwick County,37.75764,-97.224151,170.6,5,Outer MO+KS (150+ mi),"Public, 2-year",Public,Two-year,"Degree-granting, associate and certificates","5,000 - 9,999",Degree-granting,City: Large,No,Active,48620,www.wsutech.edu/,4004 N Webb Rd.
179195,Salem College of Hairstyling,Rolla,MO,65401,Phelps County,37.944067,-91.785219,170.8,5,Outer MO+KS (150+ mi),"Private for-profit, less-than 2-year",Private for-profit,Less-than-two-year,"Nondegree-granting, sub-baccalaureate","Under 1,000",Nondegree-granting,Town: Remote,No,Active,40620,www.centralandsalemcolleges.com/,"1051 Kings Hwy, Suite #1"
178411,Missouri University of Science and Technology,Rolla,MO,65409,Phelps County,37.954444,-91.77311,171.0,5,Outer MO+KS (150+ mi),"Public, 4-year or above",Public,Four-year or above,"Degree-granting, primarily baccalaureate or above","5,000 - 9,999",Degree-granting,Town: Remote,No,Active,40620,https://www.mst.edu/,"206 Parker Hall, 300 W.13th Street"
408066,Paul Mitchell the School-Wichita,Wichita,KS,67226-0000,Sedgwick County,37.741502,-97.2432,172.1,5,Outer MO+KS (150+ mi),"Private for-profit, less-than 2-year",Private for-profit,Less-than-two-year,"Nondegree-granting, sub-baccalaureate","Under 1,000",Nondegree-granting,City: Large,No,Active,48620,paulmitchell.edu/wichita,3242 N. Rock Road Suite 106
155511,McPherson College,McPherson,KS,67460-1402,McPherson County,38.371422,-97.642996,172.7,5,Outer MO+KS (150+ mi),"Private not-for-profit, 4-year or above",Private not-for-profit,Four-year or above,"Degree-granting, primarily baccalaureate or above","Under 1,000",Degree-granting,Town: Remote,No,Active,32700,www.mcpherson.edu/,1600 E. Euclid
154855,Central Christian College of Kansas,McPherson,KS,67460-5740,McPherson County,38.357978,-97.668597,174.3,5,Outer MO+KS (150+ mi),"Private not-for-profit, 4-year or above",Private not-for-profit,Four-year or above,"Degree-granting, primarily baccalaureate or above","Under 1,000",Degree-granting,Town: Remote,No,Active,32700,https://www.centralchristian.edu/,1200 S Main
156125,Wichita State University,Wichita,KS,67260-0124,Sedgwick County,37.718882,-97.292361,175.2,5,Outer MO+KS (150+ mi),"Public, 4-year or above",Public,Four-year or above,"Degree-granting, primarily baccalaureate or above","10,000 - 19,999",Degree-granting,City: Large,No,Active,48620,www.wichita.edu/,1845 N. Fairmount
177542,Hannibal-LaGrange University,Hannibal,MO,63401,Marion County,39.729015,-91.39094,175.6,5,Outer MO+KS (150+ mi),"Private not-for-profit, 4-year or above",Private not-for-profit,Four-year or above,"Degree-granting, primarily baccalaureate or above","Under 1,000",Degree-granting,Town: Remote,No,Active,25300,www.hlg.edu/,2800 Palmyra Rd
499291,Galen Health Institutes-Wichita,Wichita,KS,67214-4923,Sedgwick County,37.696007,-97.299612,176.4,5,Outer MO+KS (150+ mi),"Private for-profit, 2-year",Private for-profit,Two-year,"Degree-granting, associate and certificates","Under 1,000",Degree-granting,City: Large,No,Active,48620,https://galencollege.edu/campuses/wichita,"551 N. Hillside Street, Suite 410"
177144,Culver-Stockton College,Canton,MO,63435-1299,Lewis County,40.128993,-91.529374,177.2,5,Outer MO+KS (150+ mi),"Private not-for-profit, 4-year or above",Private not-for-profit,Four-year or above,"Degree-granting, primarily baccalaureate or above","1,000 - 4,999",Degree-granting,Rural: Remote,No,Active,39500,https://www.culver.edu/,One College Hill
155353,Old Town Barber College,Wichita,KS,67211-1605,Sedgwick County,37.68586,-97.323179,177.9,5,Outer MO+KS (150+ mi),"Private for-profit, less-than 2-year",Private for-profit,Less-than-two-year,"Nondegree-granting, sub-baccalaureate","Under 1,000",Nondegree-granting,City: Large,No,Active,48620,www.otbcollege.com/,1211 E Douglas
497693,Kansas Health Science University,Wichita,KS,67202,Sedgwick County,37.685373,-97.33594,178.5,5,Outer MO+KS (150+ mi),"Private not-for-profit, 4-year or above",Private not-for-profit,Four-year or above,"Degree-granting, graduate with no undergraduate","Under 1,000",Degree-granting,City: Large,No,Active,48620,https://kansascom.kansashsu.org/,217 E. Douglas Ave
155089,Friends University,Wichita,KS,67213,Sedgwick County,37.678459,-97.367048,180.1,5,Outer MO+KS (150+ mi),"Private not-for-profit, 4-year or above",Private not-for-profit,Four-year or above,"Degree-granting, primarily baccalaureate or above","1,000 - 4,999",Degree-granting,City: Large,No,Active,48620,www.friends.edu/,2100 W. University Ave.
155335,Newman University,Wichita,KS,67213-2097,Sedgwick County,37.672643,-97.37768,180.8,5,Outer MO+KS (150+ mi),"Private not-for-profit, 4-year or above",Private not-for-profit,Four-year or above,"Degree-granting, primarily baccalaureate or above","1,000 - 4,999",Degree-granting,City: Large,No,Active,48620,www.newmanu.edu/,3100 McCormick Ave
417503,Crave Beauty Academy,Wichita,KS,67203,Sedgwick County,37.684374,-97.387374,180.8,5,Outer MO+KS (150+ mi),"Private for-profit, less-than 2-year",Private for-profit,Less-than-two-year,"Nondegree-granting, sub-baccalaureate","Under 1,000",Nondegree-granting,City: Large,No,Active,48620,www.cravebeautyacademy.com/,3804 W Douglas
156134,Wichita Technical Institute,Wichita,KS,67213-1927,Sedgwick County,37.656976,-97.371819,181.2,5,Outer MO+KS (150+ mi),"Private for-profit, less-than 2-year",Private for-profit,Less-than-two-year,"Nondegree-granting, sub-baccalaureate","Under 1,000",Nondegree-granting,City: Large,No,Active,48620,www.wti.edu/,2051 South Meridian
457581,Eric Fisher Academy,Wichita,KS,67212,Sedgwick County,37.693713,-97.422011,182.1,5,Outer MO+KS (150+ mi),"Private for-profit, less-than 2-year",Private for-profit,Less-than-two-year,"Nondegree-granting, sub-baccalaureate","Under 1,000",Nondegree-granting,City: Large,No,Active,48620,www.ericfisheracademy.com/,6727 W Central
155900,Southwestern College,Winfield,KS,67156-2499,Cowley County,37.248608,-96.975405,182.5,5,Outer MO+KS (150+ mi),"Private not-for-profit, 4-year or above",Private not-for-profit,Four-year or above,"Degree-granting, primarily baccalaureate or above","1,000 - 4,999",Degree-granting,Town: Distant,No,Active,11680,https://www.sckans.edu/,100 College Street
494898,WellSpring School of Allied Health-Wichita,Wichita,KS,67209,Sedgwick County,37.673622,-97.443119,183.8,5,Outer MO+KS (150+ mi),"Private for-profit, 2-year",Private for-profit,Two-year,"Degree-granting, associate and certificates","Under 1,000",Degree-granting,City: Large,No,Active,48620,www.wellspring.edu/,600 S Tyler Road
178697,College of the Ozarks,Point Lookout,MO,65726-0017,Taney County,36.616019,-93.238174,186.5,5,Outer MO+KS (150+ mi),"Private not-for-profit, 4-year or above",Private not-for-profit,Four-year or above,"Degree-granting, primarily baccalaureate or above","1,000 - 4,999",Degree-granting,Town: Distant,No,Active,14700,www.cofo.edu/,100 Opportunity Avenue
441487,Texas County Technical College,Houston,MO,65483,Texas County,37.300967,-91.964963,188.6,5,Outer MO+KS (150+ mi),"Private for-profit, 2-year",Private for-profit,Two-year,"Degree-granting, associate and certificates","Under 1,000",Degree-granting,Rural: Remote,No,Active,-2,www.texascountytech.edu/,6915 S Hwy 63
155593,Fort Hays Tech North Central,Beloit,KS,67420,Mitchell County,39.482419,-98.110826,190.7,5,Outer MO+KS (150+ mi),"Public, 2-year",Public,Two-year,"Degree-granting, associate and certificates","Under 1,000",Degree-granting,Rural: Remote,No,Active,-2,www.fhtechnc.edu/,3033 US Highway 24
261773,Pike-Lincoln Technical Center,Eolia,MO,63344-0038,Pike County,39.245484,-91.019918,190.9,5,Outer MO+KS (150+ mi),"Public, less-than 2-year",Public,Less-than-two-year,"Nondegree-granting, sub-baccalaureate","Under 1,000",Nondegree-granting,Rural: Remote,No,Active,-2,pltc.edu/,342 Vo-Tech Rd
155195,Hutchinson Community College,Hutchinson,KS,67501,Reno County,38.068035,-97.92135,194.1,5,Outer MO+KS (150+ mi),"Public, 2-year",Public,Two-year,"Degree-granting, associate and certificates","5,000 - 9,999",Degree-granting,Town: Distant,No,Active,26740,www.hutchcc.edu/,1300 N Plum St
154952,Cowley County Community College,Arkansas City,KS,67005,Cowley County,37.061668,-97.043075,194.4,5,Outer MO+KS (150+ mi),"Public, 2-year",Public,Two-year,"Degree-granting, associate and certificates","1,000 - 4,999",Degree-granting,Town: Distant,No,Active,11680,www.cowley.edu/,125 S 2nd St
177436,Four Rivers Career Center,Washington,MO,63090-4235,Franklin County,38.547707,-91.020914,195.3,5,Outer MO+KS (150+ mi),"Public, less-than 2-year",Public,Less-than-two-year,"Nondegree-granting, sub-baccalaureate","Under 1,000",Nondegree-granting,Town: Distant,No,Active,41180,frcc.washington.k12.mo.us/,1978 Image Drive
461537,Evolve Beauty Academy,Washing,MO,63090,Franklin County,38.551723,-91.013977,195.6,5,Outer MO+KS (150+ mi),"Private for-profit, less-than 2-year",Private for-profit,Less-than-two-year,"Nondegree-granting, sub-baccalaureate","Under 1,000",Nondegree-granting,Town: Distant,No,Active,41180,evolvebeautyacademy.edu/,2 Wainwright St -100
177250,East Central College,Union,MO,63084,Franklin County,38.431845,-90.97809,199.4,5,Outer MO+KS (150+ mi),"Public, 2-year",Public,Two-year,"Degree-granting, associate and certificates","1,000 - 4,999",Degree-granting,Town: Distant,No,Active,41180,www.eastcentral.edu/,1964 Prairie Dell Rd
455099,Urshan Graduate School of Theology,Wentzville,MO,63385,St. Charles County,38.808034,-90.830252,202.4,5,Outer MO+KS (150+ mi),"Private not-for-profit, 4-year or above",Private not-for-profit,Four-year or above,"Degree-granting, graduate with no undergraduate","Under 1,000",Degree-granting,Suburb: Large,No,Active,41180,https://urshan.edu/ugst,155 Urshan Way
494685,Urshan University,Wentzville,MO,63385,St. Charles County,38.808034,-90.830252,202.4,5,Outer MO+KS (150+ mi),"Private not-for-profit, 4-year or above",Private not-for-profit,Four-year or above,"Degree-granting, primarily baccalaureate or above","Under 1,000",Degree-granting,Suburb: Large,No,Active,41180,urshan.edu/,155 Urshan Way
155937,Sterling College,Sterling,KS,67579,Rice County,38.219937,-98.208644,205.1,5,Outer MO+KS (150+ mi),"Private not-for-profit, 4-year or above",Private not-for-profit,Four-year or above,"Degree-granting, primarily baccalaureate or above","Under 1,000",Degree-granting,Rural: Remote,No,Active,-2,www.sterling.edu/,125 W. Cooper
262031,St Charles Community College,Cottleville,MO,63376-0975,St. Charles County,38.759703,-90.641105,212.9,5,Outer MO+KS (150+ mi),"Public, 2-year",Public,Two-year,"Degree-granting, associate and certificates","5,000 - 9,999",Degree-granting,Suburb: Large,No,Active,41180,www.stchas.edu/,4601 Mid Rivers Mall Dr
460996,The Salon Professional Academy-St Charles,St. Charles,MO,63301-1021,St. Charles County,38.788891,-90.538719,218.1,5,Outer MO+KS (150+ mi),"Private for-profit, less-than 2-year",Private for-profit,Less-than-two-year,"Nondegree-granting, sub-baccalaureate","Under 1,000",Nondegree-granting,Suburb: Large,No,Active,41180,tspastlouis.com/,3141 West Clay Street
177986,Logan University,Chesterfield,MO,63017,St. Louis County,38.63133,-90.542333,219.5,5,Outer MO+KS (150+ mi),"Private not-for-profit, 4-year or above",Private not-for-profit,Four-year or above,"Degree-granting, primarily baccalaureate or above","1,000 - 4,999",Degree-granting,Suburb: Large,No,Active,41180,https://www.logan.edu/,1851 Schoettler Rd
177968,Lindenwood University,Saint Charles,MO,63301-1695,St. Charles County,38.785425,-90.501286,220.2,5,Outer MO+KS (150+ mi),"Private not-for-profit, 4-year or above",Private not-for-profit,Four-year or above,"Degree-granting, primarily baccalaureate or above","5,000 - 9,999",Degree-granting,City: Small,No,Active,41180,https://www.lindenwood.edu/,209 S Kingshighway St
417637,Southern Missouri Technical Institute,West Plains,MO,65775,Howell County,36.738067,-91.856803,220.5,5,Outer MO+KS (150+ mi),"Public, less-than 2-year",Public,Less-than-two-year,"Nondegree-granting, sub-baccalaureate","Under 1,000",Nondegree-granting,Town: Remote,No,Active,48460,https://www.zizzers.org/,407 W. Thornburgh
179344,Missouri State University-West Plains,West Plains,MO,65775-2715,Howell County,36.729574,-91.857838,220.9,5,Outer MO+KS (150+ mi),"Public, 2-year",Public,Two-year,"Degree-granting, associate and certificates","1,000 - 4,999",Degree-granting,Town: Remote,No,Active,48460,wp.missouristate.edu/,128 Garfield Avenue
178059,Maryville University of Saint Louis,Saint Louis,MO,63141-7299,St. Louis County,38.644774,-90.505998,221.3,5,Outer MO+KS (150+ mi),"Private not-for-profit, 4-year or above",Private not-for-profit,Four-year or above,"Degree-granting, primarily baccalaureate or above","5,000 - 9,999",Degree-granting,Suburb: Large,No,Active,41180,https://www.maryville.edu/,650 Maryville University Drive
178183,Midwest Institute,Earth City,MO,63045,St. Louis County,38.769983,-90.465613,222.2,5,Outer MO+KS (150+ mi),"Private for-profit, 2-year",Private for-profit,Two-year,"Degree-granting, associate and certificates","Under 1,000",Degree-granting,Suburb: Large,No,Active,41180,midwestinstitute.com/,4260 Shoreline Drive
178244,Missouri Baptist University,Saint Louis,MO,63141-8698,St. Louis County,38.641526,-90.462586,223.7,5,Outer MO+KS (150+ mi),"Private not-for-profit, 4-year or above",Private not-for-profit,Four-year or above,"Degree-granting, primarily baccalaureate or above","5,000 - 9,999",Degree-granting,Suburb: Large,No,Active,41180,www.mobap.edu/,One College Park Dr
500333,Arizona College of Nursing-St Louis,Maryland Heights,MO,63146-4011,St. Louis County,38.690785,-90.449253,223.8,5,Outer MO+KS (150+ mi),"Private for-profit, 4-year or above",Private for-profit,Four-year or above,"Degree-granting, primarily baccalaureate or above","Under 1,000",Degree-granting,Suburb: Large,No,New,41180,https://www.arizonacollege.edu/,"1807 Park 270 Drive, Suite 270"
179308,Saint Louis Community College,Bridgeton,MO,63044,St. Louis County,38.745678,-90.437078,224.0,5,Outer MO+KS (150+ mi),"Public, 4-year or above",Public,Four-year or above,"Degree-granting, not primarily baccalaureate or above","10,000 - 19,999",Degree-granting,Suburb: Large,No,Active,41180,https://www.stlcc.edu/,3221 McKelvey Road
177126,Covenant Theological Seminary,Saint Louis,MO,63141-8609,St. Louis County,38.643066,-90.451323,224.2,5,Outer MO+KS (150+ mi),"Private not-for-profit, 4-year or above",Private not-for-profit,Four-year or above,"Degree-granting, graduate with no undergraduate","Under 1,000",Degree-granting,Suburb: Large,No,Active,41180,https://www.covenantseminary.edu/,12330 Conway Road
177676,Jefferson College,Hillsboro,MO,63050-2440,Jefferson County,38.259889,-90.558954,224.4,5,Outer MO+KS (150+ mi),"Public, 2-year",Public,Two-year,"Degree-granting, associate and certificates","1,000 - 4,999",Degree-granting,Rural: Fringe,No,Active,41180,https://www.jeffco.edu/,1000 Viking Drive
442426,St Louis College of Health Careers-Fenton,Fenton,MO,63026,St. Louis County,38.544635,-90.470904,224.4,5,Outer MO+KS (150+ mi),"Private for-profit, 4-year or above",Private for-profit,Four-year or above,"Degree-granting, not primarily baccalaureate or above","Under 1,000",Degree-granting,Suburb: Large,No,Active,41180,www.slchc.edu/,1297 North Highway Drive
466921,Chamberlain University-Missouri,St. Louis,MO,63146,St. Louis County,38.701907,-90.436283,224.4,5,Outer MO+KS (150+ mi),"Private for-profit, 4-year or above",Private for-profit,Four-year or above,"Degree-granting, primarily baccalaureate or above","Under 1,000",Degree-granting,Suburb: Large,No,Active,41180,https://www.chamberlain.edu/,"11830 Westline Industrial Drive, Suite 106"
461573,American Trade School,Saint Ann,MO,63074-1807,St. Louis County,38.72876,-90.380141,227.2,5,Outer MO+KS (150+ mi),"Private for-profit, 2-year",Private for-profit,Two-year,"Degree-granting, associate and certificates","Under 1,000",Degree-granting,Suburb: Large,No,Active,41180,www.americantradeschool.edu/,3925 Industrial Drive
417716,Applied Tech,Sunset Hills,MO,63127,St. Louis County,38.542285,-90.413236,227.5,5,Outer MO+KS (150+ mi),"Public, less-than 2-year",Public,Less-than-two-year,"Nondegree-granting, sub-baccalaureate","Under 1,000",Nondegree-granting,Suburb: Large,No,Active,41180,www.appliedtech.edu/,12721 West Watson Road
455071,Healing Arts Center,St. Louis,MO,63122,St. Louis County,38.603239,-90.387718,228.1,5,Outer MO+KS (150+ mi),"Private for-profit, less-than 2-year",Private for-profit,Less-than-two-year,"Nondegree-granting, sub-baccalaureate","Under 1,000",Nondegree-granting,Suburb: Large,No,Active,41180,https://www.thehealingartscenter.com/,"10073 Manchester Road, Suite 100"
363679,Grabber School of Hair Design,St. Louis,MO,63126,St. Louis County,38.557164,-90.390799,228.5,5,Outer MO+KS (150+ mi),"Private for-profit, less-than 2-year",Private for-profit,Less-than-two-year,"Nondegree-granting, sub-baccalaureate","Under 1,000",Nondegree-granting,Suburb: Large,No,Active,41180,grabberschool.edu/,9833 Watson Road
154697,Barton County Community College,Great Bend,KS,67530,Barton County,38.403529,-98.731648,228.9,5,Outer MO+KS (150+ mi),"Public, 2-year",Public,Two-year,"Degree-granting, associate and certificates","5,000 - 9,999",Degree-granting,Rural: Fringe,No,Active,24460,https://www.bartonccc.edu/,245 NE 30th Road
460932,Skin Institute,Saint Louis,MO,63126,St. Louis County,38.527717,-90.364232,230.3,5,Outer MO+KS (150+ mi),"Private for-profit, less-than 2-year",Private for-profit,Less-than-two-year,"Nondegree-granting, sub-baccalaureate","Under 1,000",Nondegree-granting,Suburb: Large,No,Active,41180,www.skininstitute.edu/,25 Ronnie's Plaza
177278,Eden Theological Seminary,Webster Groves,MO,63119-3192,St. Louis County,38.592307,-90.345605,230.5,5,Outer MO+KS (150+ mi),"Private not-for-profit, 4-year or above",Private not-for-profit,Four-year or above,"Degree-granting, graduate with no undergraduate","Under 1,000",Degree-granting,Suburb: Large,No,Active,41180,www.eden.edu/,475 E Lockwood Ave
179894,Webster University,Saint Louis,MO,63119-3194,St. Louis County,38.588875,-90.345151,230.5,5,Outer MO+KS (150+ mi),"Private not-for-profit, 4-year or above",Private not-for-profit,Four-year or above,"Degree-granting, primarily baccalaureate or above","5,000 - 9,999",Degree-granting,Suburb: Large,No,Active,41180,www.webster.edu/,470 E Lockwood Ave.
178420,University of Missouri-St Louis,Saint Louis,MO,63121-4400,St. Louis County,38.710312,-90.311091,231.0,5,Outer MO+KS (150+ mi),"Public, 4-year or above",Public,Four-year or above,"Degree-granting, primarily baccalaureate or above","10,000 - 19,999",Degree-granting,Suburb: Large,No,Active,41180,https://www.umsl.edu/,One University Boulevard
177418,Fontbonne University,Saint Louis,MO,63105-3098,St. Louis County,38.642697,-90.315712,231.5,5,Outer MO+KS (150+ mi),"Private not-for-profit, 4-year or above",Private not-for-profit,Four-year or above,"Degree-granting, primarily baccalaureate or above","Under 1,000",Degree-granting,Suburb: Large,No,Active,41180,https://www.fontbonne.edu/,6800 Wydown Blvd
495226,St. Louis Med Tech,St. Louis,MO,63123-3107,St. Louis County,38.551852,-90.335689,231.5,5,Outer MO+KS (150+ mi),"Private not-for-profit, less-than 2-year",Private not-for-profit,Less-than-two-year,"Nondegree-granting, sub-baccalaureate","Under 1,000",Nondegree-granting,Suburb: Large,No,Active,41180,www.stlmedtech.org/,59 Grasso Plaza
496724,Aesthetics Institute,St. Louis,MO,63123-3107,St. Louis County,38.551852,-90.335689,231.5,5,Outer MO+KS (150+ mi),"Private for-profit, less-than 2-year",Private for-profit,Less-than-two-year,"Nondegree-granting, sub-baccalaureate","Under 1,000",Nondegree-granting,Suburb: Large,No,Active,41180,https://www.aiskin.org/,50 Grasso Plaza
177816,Kenrick Glennon Seminary,Saint Louis,MO,63119-4399,St. Louis County,38.584608,-90.324024,231.7,5,Outer MO+KS (150+ mi),"Private not-for-profit, 4-year or above",Private not-for-profit,Four-year or above,"Degree-granting, graduate with no undergraduate","Under 1,000",Degree-granting,Suburb: Large,No,Active,41180,www.kenrick.edu/,5200 Glennon Dr
179867,Washington University in St Louis,St. Louis,MO,63130,St. Louis County,38.647929,-90.310604,231.7,5,Outer MO+KS (150+ mi),"Private not-for-profit, 4-year or above",Private not-for-profit,Four-year or above,"Degree-granting, primarily baccalaureate or above","10,000 - 19,999",Degree-granting,Suburb: Large,No,Active,41180,https://washu.edu/,1 Brookings Drive
177092,Concordia Seminary,Saint Louis,MO,63105-3196,St. Louis County,38.637181,-90.311324,231.8,5,Outer MO+KS (150+ mi),"Private not-for-profit, 4-year or above",Private not-for-profit,Four-year or above,"Degree-granting, graduate with no undergraduate","Under 1,000",Degree-granting,Suburb: Large,No,Active,41180,https://www.csl.edu/,801 Seminary Place
461421,Paul Mitchell the School-St Louis,St. Louis,MO,63108-1554,St. Louis City,38.64474,-90.262731,234.3,5,Outer MO+KS (150+ mi),"Private for-profit, less-than 2-year",Private for-profit,Less-than-two-year,"Nondegree-granting, sub-baccalaureate","Under 1,000",Nondegree-granting,City: Large,No,Active,41180,paulmitchell.edu/stlouis,30 Maryland Plaza Suite 200
179265,University of Health Sciences and Pharmacy in St. Louis,Saint Louis,MO,63110-1088,St. Louis City,38.636904,-90.260617,234.5,5,Outer MO+KS (150+ mi),"Private not-for-profit, 4-year or above",Private not-for-profit,Four-year or above,"Degree-granting, primarily baccalaureate or above","Under 1,000",Degree-granting,City: Large,No,Active,41180,www.uhsp.edu/,1 Pharmacy Place
179511,St Louis College of Health Careers-St Louis,Saint Louis,MO,63110,St. Louis City,38.63155,-90.26194,234.5,5,Outer MO+KS (150+ mi),"Private for-profit, less-than 2-year",Private for-profit,Less-than-two-year,"Nondegree-granting, sub-baccalaureate","Under 1,000",Nondegree-granting,City: Large,No,Active,41180,www.slchc.edu/,909 South Taylor Avenue
177719,Barnes-Jewish College Goldfarb School of Nursing,Saint Louis,MO,63110,St. Louis City,38.637165,-90.258772,234.6,5,Outer MO+KS (150+ mi),"Private not-for-profit, 4-year or above",Private not-for-profit,Four-year or above,"Degree-granting, primarily baccalaureate or above","Under 1,000",Degree-granting,City: Large,No,Active,41180,https://www.barnesjewishcollege.edu/,"4483 Duncan Avenue, Mailstop 90-36-697"
178891,Ranken Technical College,Saint Louis,MO,63113-2811,St. Louis City,38.653303,-90.248465,234.9,5,Outer MO+KS (150+ mi),"Private not-for-profit, 4-year or above",Private not-for-profit,Four-year or above,"Degree-granting, not primarily baccalaureate or above","1,000 - 4,999",Degree-granting,City: Large,No,Active,41180,www.ranken.edu/,4431 Finney Ave
176600,Aquinas Institute of Theology,Saint Louis,MO,63108-3323,St. Louis City,38.634329,-90.237795,235.7,5,Outer MO+KS (150+ mi),"Private not-for-profit, 4-year or above",Private not-for-profit,Four-year or above,"Degree-granting, graduate with no undergraduate","Under 1,000",Degree-granting,City: Large,No,Active,41180,https://www.ai.edu/,23 South Spring Avenue
179159,Saint Louis University,Saint Louis,MO,63103-2097,St. Louis City,38.636801,-90.2351,235.8,5,Outer MO+KS (150+ mi),"Private not-for-profit, 4-year or above",Private not-for-profit,Four-year or above,"Degree-granting, primarily baccalaureate or above","10,000 - 19,999",Degree-granting,City: Large,No,Active,41180,www.slu.edu/,One North Grand Blvd
177551,Harris-Stowe State University,Saint Louis,MO,63103-2136,St. Louis City,38.631744,-90.224288,236.5,5,Outer MO+KS (150+ mi),"Public, 4-year or above",Public,Four-year or above,"Degree-granting, primarily baccalaureate or above","1,000 - 4,999",Degree-granting,City: Large,Yes,Active,41180,https://www.hssu.edu/,3026 Laclede Ave
494010,Ponce Health Sciences University-St Louis,St. Louis,MO,63103,St. Louis City,38.631435,-90.21479,237.0,5,Outer MO+KS (150+ mi),"Private for-profit, 4-year or above",Private for-profit,Four-year or above,"Degree-granting, graduate with no undergraduate","Under 1,000",Degree-granting,City: Large,No,Active,41180,stlouis.psm.edu/#,2351 Market St.
178767,Stevens-The Institute of Business & Arts,Saint Louis,MO,63103,St. Louis City,38.632917,-90.201157,237.7,5,Outer MO+KS (150+ mi),"Private for-profit, 4-year or above",Private for-profit,Four-year or above,"Degree-granting, not primarily baccalaureate or above","Under 1,000",Degree-granting,City: Large,No,Active,41180,www.siba.edu/,1521 Washington Avenue
178217,Mineral Area College,Park Hills,MO,63601-1000,St. Francois County,37.845199,-90.481847,237.9,5,Outer MO+KS (150+ mi),"Public, 2-year",Public,Two-year,"Degree-granting, associate and certificates","1,000 - 4,999",Degree-granting,Town: Distant,No,Active,22100,https://mineralarea.edu/,5270 Flat River Road
155715,Pratt Community College,Pratt,KS,67124,Pratt County,37.654451,-98.714538,245.3,5,Outer MO+KS (150+ mi),"Public, 2-year",Public,Two-year,"Degree-granting, associate and certificates","1,000 - 4,999",Degree-granting,Town: Remote,No,Active,-2,www.prattcc.edu/,348 NE SR 61
155159,Hays Academy of Hair Design,Hays,KS,67601,Ellis County,38.884873,-99.310623,254.5,5,Outer MO+KS (150+ mi),"Private for-profit, less-than 2-year",Private for-profit,Less-than-two-year,"Nondegree-granting, sub-baccalaureate","Under 1,000",Nondegree-granting,Town: Remote,No,Active,25700,www.haysacademy.edu/,1214 East 27th Street
155061,Fort Hays State University,Hays,KS,67601-4099,Ellis County,38.872156,-99.342503,256.3,5,Outer MO+KS (150+ mi),"Public, 4-year or above",Public,Four-year or above,"Degree-granting, primarily baccalaureate or above","10,000 - 19,999",Degree-granting,Town: Remote,No,Active,25700,www.fhsu.edu/,600 Park St
155070,Barclay College,Haviland,KS,67059-0288,Kiowa County,37.62012,-99.105351,265.7,5,Outer MO+KS (150+ mi),"Private not-for-profit, 4-year or above",Private not-for-profit,Four-year or above,"Degree-granting, primarily baccalaureate or above","Under 1,000",Degree-granting,Rural: Remote,No,Active,-2,www.barclaycollege.edu/,607 N Kingman
178828,Poplar Bluff Technical Career Center,Poplar Bluff,MO,63901-8960,Butler County,36.793776,-90.450477,275.6,5,Outer MO+KS (150+ mi),"Public, less-than 2-year",Public,Less-than-two-year,"Nondegree-granting, sub-baccalaureate","Under 1,000",Nondegree-granting,Town: Remote,No,Active,38740,www.poplarbluffschools.net/,3203 Oak Grove Rd
179645,Three Rivers College,Poplar Bluff,MO,63901,Butler County,36.776571,-90.429769,277.2,5,Outer MO+KS (150+ mi),"Public, 2-year",Public,Two-year,"Degree-granting, associate and certificates","1,000 - 4,999",Degree-granting,Town: Remote,No,Active,38740,https://trcc.edu/,2080 Three Rivers Blvd
498863,Renaissance Beauty Academy,Cape Girardeau,MO,63703-4918,Cape Girardeau County,37.297396,-89.573395,298.9,5,Outer MO+KS (150+ mi),"Private for-profit, less-than 2-year",Private for-profit,Less-than-two-year,"Nondegree-granting, sub-baccalaureate","Under 1,000",Nondegree-granting,City: Small,No,Active,16020,https://www.renaissancebeautyacademy.com/,268 South Mount Auburn Road
176798,Cape Girardeau Career and Technology Center,Cape Girardeau,MO,63703-7511,Cape Girardeau County,37.274001,-89.565366,300.0,5,Outer MO+KS (150+ mi),"Public, 2-year",Public,Two-year,"Nondegree-granting, sub-baccalaureate","Under 1,000",Nondegree-granting,City: Small,No,Active,16020,www.capectc.org/,1080 S. Silver Springs Rd.
417734,Southeast Missouri Hospital College of Nursing and Health Sciences,Cape Girardeau,MO,63703-4507,Cape Girardeau County,37.302453,-89.54587,300.1,5,Outer MO+KS (150+ mi),"Private not-for-profit, 4-year or above",Private not-for-profit,Four-year or above,"Degree-granting, not primarily baccalaureate or above","Under 1,000",Degree-granting,City: Small,No,Active,16020,www.sehcollege.edu/,2001 William Street
451316,Trend Setters School,Cape Girardeau,MO,63703-7607,Cape Girardeau County,37.285482,-89.556451,300.1,5,Outer MO+KS (150+ mi),"Private for-profit, less-than 2-year",Private for-profit,Less-than-two-year,"Nondegree-granting, sub-baccalaureate","Under 1,000",Nondegree-granting,City: Small,No,Active,16020,www.trendsettersschool.com/,835 South Kings Highway
179557,Southeast Missouri State University,Cape Girardeau,MO,63701,Cape Girardeau County,37.311107,-89.531187,300.6,5,Outer MO+KS (150+ mi),"Public, 4-year or above",Public,Four-year or above,"Degree-granting, primarily baccalaureate or above","5,000 - 9,999",Degree-granting,City: Small,No,Active,16020,https://www.semo.edu/,"One University Plaza, MS2025"
154998,Dodge City Community College,Dodge City,KS,67801-2399,Ford County,37.776891,-100.037481,309.2,5,Outer MO+KS (150+ mi),"Public, 2-year",Public,Two-year,"Degree-granting, associate and certificates","1,000 - 4,999",Degree-granting,Town: Remote,No,Active,19980,https://dc3.edu/,2501 N 14th Ave
154934,Colby Community College,Colby,KS,67701,Thomas County,39.377601,-101.052744,346.9,5,Outer MO+KS (150+ mi),"Public, 2-year",Public,Two-year,"Degree-granting, associate and certificates","1,000 - 4,999",Degree-granting,Town: Remote,No,Active,-2,www.colbycc.edu/,1255 S Range
155104,Garden City Community College,Garden City,KS,67846-6333,Finney County,37.970514,-100.84916,347.7,5,Outer MO+KS (150+ mi),"Public, 2-year",Public,Two-year,"Degree-granting, associate and certificates","1,000 - 4,999",Degree-granting,Town: Remote,No,Active,23780,www.gcccks.edu/,801 Campus Dr
155858,Seward County Community College,Liberal,KS,67901,Seward County,37.059807,-100.917695,372.4,5,Outer MO+KS (150+ mi),"Public, 2-year",Public,Two-year,"Degree-granting, associate and certificates","1,000 - 4,999",Degree-granting,Town: Remote,No,Active,30580,https://sccc.edu/,1801 N. Kansas Ave.
155618,Fort Hays State University-Northwest Kansas Technical College,Goodland,KS,67735,Sherman County,39.346424,-101.70022,381.5,5,Outer MO+KS (150+ mi),"Public, 2-year",Public,Two-year,"Degree-granting, associate and certificates","Under 1,000",Degree-granting,Town: Remote,No,Active,-2,www.fhnw.edu/,1209 Harrison Ave
